"CODIGO",'UNIDADE_GESTORA'
"Consolidado",'TODAS'
"Detalhado",'TODAS'
010101,'ASSEMBLEIA LEGISLATIVA'
020030,'FED-FUNDO ESPEC.DESPESA DO TRIBUNAL DE CONTA'
020101,'TRIBUNAL DE CONTAS DO ESTADO'
030030,'FED-TRIBUNAL DE JUSTICA'
030101,'TRIBUNAL DE JUSTICA'
060030,'FED-TRIB.DE JUSTICA MILITAR'
060101,'TRIBUNAL DE JUSTICA MILITAR'
080040,'FDO.MANUT.DESENV.ENS.FUND.VALOR.MAGIST.FUNDE'
080101,'GABINETE DO SECRETARIO'
080102,'DEPARTAMENTO DE ADMINISTRACAO'
080104,'ADMINIST.CONSELHO ESTADUAL DE EDUCACAO'
080259,'COORDENADORIA DE GESTAO DE RECURSOS HUMANOS'
080261,'DIR.ENS.REGIAO CENTRO'
080262,'DIR.ENS.REGIAO CENTRO OESTE'
080263,'DIR.ENS.REGIAO CENTRO SUL'
080264,'DIR.ENS.REGIAO LESTE 1'
080265,'DIR.ENS.REGIAO LESTE 2'
080266,'DIR.ENS.REGIAO LESTE 3'
080267,'DIR.ENS.REGIAO LESTE 4'
080268,'DIR.ENS.REGIAO LESTE 5'
080269,'DIR.ENS.REGIAO NORTE 1'
080270,'DIR.ENS.REGIAO NORTE 2'
080271,'DIR.ENS.REGIAO SUL 1'
080272,'DIR.ENS.REGIAO SUL 2'
080273,'DIR.ENS.REGIAO SUL 3'
080274,'DIR.ENS.REG.CAIEIRAS'
080275,'DIR.ENS.REG.CARAPICUIBA'
080276,'DIR.ENS.REG.DIADEMA'
080277,'DIR.ENS.REG.GUARULHOS SUL'
080278,'DIR.ENS.REG.GUARULHOS NORTE'
080279,'DIR.ENS.REG.ITAPECERICA DA SERRA'
080280,'DIR.ENS.REG.ITAPEVI'
080281,'DIR.ENS.REG.ITAQUAQUECETUBA'
080282,'DIR.ENS.REG.MAUA'
080283,'DIR.ENS.REG.MOGI DAS CRUZES'
080284,'DIR.ENS.REG.OSASCO'
080285,'DIR.ENS.REG.SANTO ANDRE'
080286,'DIRETORIA DE ENSINO, REGIAO DE SAO BERNARDO'
080287,'DIR.ENS.REG.DE SUZANO'
080288,'DIR.ENS.REG.TABOAO DA SERRA'
080289,'DIR.ENS.REG.ADAMANTINA'
080290,'DIR.ENS.REG.AMERICANA'
080291,'DIR.ENS.REG.ANDRADINA'
080292,'DIR.ENS.REG. DE APIAI'
080293,'DIR.ENS.REG.ARACATUBA'
080294,'DIR.ENS.REG.ARARAQUARA'
080295,'DIR.ENS.REG.ASSIS'
080296,'DIR.ENS.REG.BARRETOS'
080297,'DIR.ENS.REG.BAURU'
080298,'DIR.ENS.REG.BIRIGUI'
080299,'DIR.ENS.REG.BOTUCATU'
080300,'DIR.ENS.REG.BRAGANCA PAULISTA'
080301,'DIR.ENS.REG.CAMPINAS LESTE'
080302,'DIR.ENS.REG.CAMPINAS OESTE'
080303,'DIR.ENS.REG.CAPIVARI'
080304,'DIR.ENS.REG.CARAGUATATUBA'
080305,'DIR.ENS.REG.CATANDUVA'
080306,'DIR.ENS.REG.FERNANDOPOLIS'
080307,'DIR.ENS.REG.FRANCA'
080308,'DIR.ENS.REG.GUARATINGUETA'
080309,'DIR.ENS.REG. DE ITAPETININGA'
080310,'DIR.ENS.REG. DE ITAPEVA'
080311,'DIR.ENS.REG. DE ITARARE'
080312,'DIR.ENS.REG. DE ITU'
080313,'DIR.ENS.REG.JABOTICABAL'
080314,'DIR.ENS.REG.JACAREI'
080315,'DIR.ENS.REG.JALES'
080316,'DIR.ENS.REG.JAU'
080317,'DIR.ENS.REG.JOSE BONIFACIO'
080318,'DIR.ENS.REG.JUNDIAI'
080319,'DIR.ENS.REG.LIMEIRA'
080320,'DIR.ENS.REG.LIN'
080321,'DIR.ENS.REG.MARILIA'
080322,'DIR.ENS.REG.MIRACATU'
080323,'DIR.ENS.REG.MIRANTE DO PARANAPANEMA'
080324,'DIR.ENS.REG.MOGI MIRIM'
080325,'DIR.ENS.REG.OURINHOS'
080326,'DIR.ENS.REG.PINDAMONHANGABA'
080327,'DIR.ENS.REG.PIRACICABA'
080328,'DIR.ENS.REG. DE PIRAJU'
080329,'DIR.ENS.REG.PIRASSUNUNGA'
080330,'DIR.ENS.REG.PRESIDENTE PRUDENTE'
080331,'DIR.ENS.REG.REGISTRO'
080332,'DIR.ENS.REG.RIBEIRAO PRETO'
080333,'DIR.ENS.REG.SANTO ANASTACIO'
080334,'DIR.ENS.REG.SANTOS'
080335,'DIR.ENS.REG.SAO CARLOS'
080336,'DIR.ENS.REG.SAO JOAO DA BOA VISTA'
080337,'DIR.ENS.REG.SAO JOAQUIM DA BARRA'
080338,'DIR.ENS.REG.SAO JOSE DO RIO PRETO'
080339,'DIR.ENS.REG.S.J.CAMPOS'
080340,'DIR.ENS.REG. DE SAO ROQUE'
080341,'DIR.ENS.REG.SAO VICENTE'
080342,'DIR.ENS.REG.SERTAOZINHO'
080343,'DIR.ENS.REG. DE SOROCABA'
080344,'DIR.ENS.REG.SUMARE'
080345,'DIR.ENS.REG.TAQUARITINGA'
080346,'DIR.ENS.REG.TAUBATE'
080347,'DIR.ENS.REG.TUPA'
080348,'DIR.ENS.REG. DE VOTORANTIM'
080349,'DIR.ENS.REG.VOTUPORANGA'
080351,'DIRETORIA DE ENSINO REGIAO DE AVARE'
080352,'DIRETORIA DE ENSINO, REGIAO PENAPOLIS'
080353,'ESC.FORMACAO E APERF.PROF.ESP-PAULO R.C.COST'
080356,'COORD.DE GESTAO DA EDUCACAO BASICA'
080357,'COORD. DE INF,MONITORAMENTO E AVL EDUCACIONA'
080358,'COORD. DE INFRAESTRUTURA E SERV. ESCOLARES'
080359,'DEPARTAMENTO DE SUPRIMENTO E LICITACOES'
080360,'COORDENADORIA DE ORCAMENTO E FINANCAS'
081101,'FDE-FUNDACAO P/ DESENV. DA EDUCACAO'
081102,'PRESTACAO DE SERVICOS FDE/SEE'
090033,'FED-CTO. REABILITACAO DE CASA BRANCA'
090035,'FED-COMPLEXO HOSPITALAR DO JUQUERY, F.ROCHA'
090037,'FED-INSTITUTO ADOLFO LUTZ'
090038,'FED-INSTITUTO BUTANTAN'
090039,'FED-INSTITUTO PASTEUR'
090040,'FED,INSTITUTO DE SAUDE'
090043,'FED-INST.INFECTOLOGIA EMILIO RIBAS'
090101,'GABINETE DO SECRETARIO E ASSESSORIAS'
090102,'COORD. GERAL ADMINIST., CGA'
090105,'COORD. RECURSOS HUMANOS, CRH'
090107,'CTO. VIGILANCIA SANITARIA'
090109,'CENTRO DE REFERENCIA DA SAUDE DA MULHER'
090110,'CTO. REFERENCIA E TREINAMENTO-DST/AIDS'
090111,'COORD. DE PLANEJAMENTO DE SAUDE'
090112,'GABINETE DO COORDENADOR'
090113,'DEPTO.REG.SAUDE, DRS-II ARACATUBA'
090115,'DEPTO.REG.SAUDE, DRS-VI BAURU'
090116,'DEPTO.REG.SAUDE, DRS-IX MARILIA'
090117,'DEPTO.REG.SAUDE, DRS XI PRES.PRUDENTE'
090118,'HOSP.GERAL PREF. MIGUEL GUALDA DE PROMISSAO'
090120,'HOSP.EST. DR.OSWALDO B. FARIA -MIRANDOPOLIS'
090121,'HOSP. REGIONAL DE ASSIS'
090122,'HOSP. DR.ODILO A.SIQUEIRA, P.PRUDENTE'
090123,'DEPTO.REG.SAUDE DRS-III ARARAQUARA'
090124,'DEPTO.REG.SAUDE, DRS-V BARRETOS'
090125,'DEPTO.REG.SAUDE, DRS-VIII FRANCA'
090126,'DEPTO.REG.SAUDE DRS-XIII RIB.PRETO'
090127,'DEPTO.REG.SAUDE, DRS-XV SJRPRETO'
090128,'HOSP. NESTOR GOULART REIS'
090129,'HOSP. STA.TEREZA, RIB.PRETO'
090130,'CTO.ATENCAO INTEGRAL A SAUDE S.RITA'
090131,'DEPTO.REG.SAUDE, DRS-VII CAMPINAS'
090132,'DEPTO.REG.SAUDE, DRS-X PIRACICABA'
090133,'DEPTO.REG.SAUDE, DRS-XIV SJBOA VISTA'
090135,'DEPTO.REG.SAUDE DE TAUBATE, DRS-XVII'
090137,'DEPTO.REG.SAUDE, DRS-XII REGISTRO'
090138,'DEPTO.REG.SAUDE, DRS-IV BAIXADA SANTISTA'
090139,'DEPTO.REG.SAUDE, DRS-XVI SOROCABA'
090140,'HOSP.DR.LEONARDO BEVILACQUA-PARIQUERA-ACU'
090141,'HOSP. GUILHERME ALVARO, SANTOS'
090142,'HOSP. DR.FRANCISCO R.ARANTES, ITU'
090143,'CONJ. HOSPITALAR DE SOROCABA'
090144,'CTO.DES.PORTADOR.DEFIC.MENTAL, ITU'
090145,'CAIS, PROF. CANTIDIO DE MOURA CAMPOS'
090146,'CTO. REABILITACAO DE CASA BRANCA'
090147,'CAIS, CLEMENTE FERREIRA, LINS'
090148,'GABINETE DO COORDENADOR'
090149,'DEPTO. GERENC. AMBULATORIAL DA CAPITAL-DGAC'
090154,'HOSP. GERAL DE VILA NOVA CACHOEIRINHA'
090155,'HOSPITAL GERAL DE TAIPAS'
090156,'HOSP. GERAL DR.JOSE PANGELLA DE VILA PENTEAD'
090157,'HOSP. REGIONAL SUL'
090158,'HOSP.GERAL J.TEIXEIRA DA COSTA,EM GUAIANASES'
090159,'HOSP. GERAL S.MATEUS, DR.MANOEL BIFULCO'
090160,'UN. GESTAO ASSISTENCIAL I-HOSP. HELIOPOLIS'
090161,'UN. GESTAO ASSISTENCIAL II-HOSP. IPIRANGA'
090162,'UN. GESTAO ASSIST.III, HOSP.INF.DARCY VARGA'
090163,'UN. GESTAO ASSIST. IV-HOSP.MAT.L.M.BARROS'
090164,'UN. GESTAO ASSISTENCIAL V-HOSP. BRIGADEIRO'
090165,'COMPLEXO HOSP.DO JUQUERY, EM FRANCO DA ROCHA'
090166,'HOSP.REG.DR.O.F.COELHO,EM F.DE VASCONCELOS'
090167,'HOSP. REG. DR.VIVALDO M.SIMOES, OSASCO'
090168,'HOSP.MAT.INTERLAGOS-WALDEMAR SEYSSEL-ARRELIA'
090169,'HOSP. INFANTIL CANDIDO FONTOURA'
090170,'CTO.AT.INTEG.SAUDE MENTAL-DR.DAVID C.C.FILHO'
090171,'COMPLEXO HOSP. PE.BENTO, DE GUARULHOS'
090172,'CONJUNTO HOSPITALAR DO MANDAQUI-CHM'
090173,'CTO.ATENCAO INTEGRADA EM SAUDE MENTAL-P.PINE'
090175,'CTO.ESPECIALIZ. REABILITACAO DR. APC-M.CRUZE'
090176,'GABINETE DO COORDENADOR'
090177,'INSTITUTO ADOLFO LUTZ'
090178,'INSTITUTO BUTANTAN'
090179,'INSTITUTO PASTEUR'
090180,'INSTITUTO DE SAUDE'
090181,'INSTITUTO DANTE PAZZANESE DE CARDIOLOGIA'
090182,'INST. LAURO DE SOUZA LIMA, EM BAURU'
090183,'INST. INFECTOLOGIA EMILIO RIBAS'
090184,'HOSP. DAS CLINICAS LUZIA DE PINHO MELO'
090186,'CENTRO PIONEIRO EM ATENCAO PSICOSSOCIAL-AJJE'
090187,'INST.PAULISTA DE GERIATRIA E GERONTOLOG.-IPG'
090188,'CTO REF. ALCOOL, TABACO E OUTRAS DROGAS'
090189,'GABINETE DO COORDENADOR'
090190,'INSTITUTO CLEMENTE FERREIRA'
090191,'DEPTO.REG.GRANDE SAO PAULO, DRS-I G.S.PAULO'
090192,'GABINETE DO COORDENADOR'
090193,'GRUPO DE GERENCIAMENTO ADMINISTRATIVO'
090194,'CTO.VIGIL. EPIDEMIOLOGICA PROF.A.VRANJAC-CVE'
090195,'SECR.EXECUTIVA CONSELHO ADMINISTRATIVO-FESIM'
090196,'COORD. DE GESTAO ORCAMENTARIA E FINANCEIRA'
090198,'GRUPO DE ASSISTENCIA FARMACEUTICA'
090199,'UCP-FORTALECIMENTO GESTAO ESTADUAL-UCP-FGESS'
090200,'GPO. RESGATE E ATENCAO AS URGENC. EMERGENC.'
091101,'FUND.P/REMEDIO POPULAR-CHOPIN TAVARES DE LIM'
091102,'FUND.P/REM.POPULAR-CHOPIN T. DE LIMA-FURP-AB'
091201,'FUNDACAO ONCOCENTRO DE SAO PAULO'
091301,'FUND. PRO-SANGUE HEMOCENTRO SP.'
092101,'SUPERIN. DE CONTROLE DE ENDEMIAS-SUCEN'
092201,'HOSP. DAS CLINICAS, RIB.PRETO'
092301,'HOSP. DAS CLINICAS, SAO PAULO'
092501,'HOSP. DAS CLINICAS, BOTUCATU'
092601,'HOSP. CLINICAS FAC.MED.MARILIA, HCFAMEMA'
100101,'GABINETE DO SECRETARIO'
100102,'DEPTO. DE ADMINISTRACAO E FINANCAS'
100103,'COORD. DESENVOLVIMENTO REGIONAL E TERRITORIA'
100112,'SUBSECR.DE CIENCIA,TECNOLOGIA E INOVACAO'
100113,'UN. GERENCIAMENTO DO PROGRAMA-UGP'
100115,'COORD.ENSINO TEC.,TECON. E PROFISSIONALIZANT'
100116,'COORDENACAO DE ENSINO SUPERIOR'
100117,'SUBSECR.EMPREEND. E DA MICRO E PQ. EMPRESA'
100119,'SUBSECR. TRAB. ARTESANAL COMUNIDADES-SUTACO'
101101,'FUND. AMPARO DE PESQ. EST.SP.'
101301,'FUND.UNIVERSIDADE VIRTUAL DO EST.S.PAULO'
102101,'UNIVERSIDADE DE SAO PAULO'
102201,'UNIVERSIDADE ESTADUAL DE CAMPINAS'
102301,'UNIV.EST.PAULISTA, JULIO MESQUITA FILHO'
102401,'CTO. EST. EDUC. TECNOL. PAULA SOUZA, CEETEP'
102601,'FAC. MEDICINA DE MARILIA'
102701,'FAC. MEDICINA DE S.JOSE DO RIO PRETO'
102801,'JUNTA COMERCIAL DO ESTADO DE SAO PAULO-JUCES'
103101,'INST.PESQ.TECNOL.EST.SP. S.A.'
120030,'FED. GAB.SECRETARIO E ASSESSORIAS'
120101,'GABINETE DO  SECRETARIO'
120102,'DEPARTAMENTO DE ADMINISTRACAO'
120103,'UNID. DE PRESERVACAO DO PATRIMONIO HISTORICO'
120104,'UNID.DO FOMENTO A CULTURA'
120105,'UNID. PRESERVACAO DO PATRIMONIO MUSEOLOGICO'
120110,'UNID. DE FORMACAO CULTURAL'
120112,'DEPARTAMENTO DE FINANCAS E ORCAMENTO'
120113,'UNID.DE DIFUSAO CULTURA,BIBLIOTECAS E LEITUR'
121101,'FUND. PE.ANCHIETA, CTO.PTA.RADIO TV.EDUC.'
121201,'FUND. MEMORIAL DA AMERICA LATINA'
130030,'FED-GAB. SECRETARIO E ASSESSORIAS'
130031,'FED-ADMIN. COORD.ASSIST.TECNICA INTEGRAL-FAT'
130032,'FED-DEPTO. SEMENTES, MUDAS E MATRIZES'
130033,'FED-ADM.COORD.DEFESA AGROPECUARIA'
130034,'FED-INSTITUTO AGRONOMICO'
130035,'FED-INSTITUTO BIOLOGICO'
130036,'FED-INST. DE ZOOTECNIA'
130037,'FED-INSTITUTO DE TECNOLOGIA DE ALIMENTOS'
130038,'FED-INSTITUTO DE PESCA'
130041,'FED-DEPARTO. DE DESCENTR.DO DESENVOLVIMENTO'
130101,'GAB. SECRETARIO E ASSESSORIAS'
130102,'DEPTO. ADMINISTRACAO'
130104,'ADM.COORD.ASSIST.TEC.INTEGRAL'
130106,'DEPTO. SEMENTES, MUDAS E MATRIZES'
130124,'INSTITUTO AGRONOMICO'
130125,'INSTITUTO BIOLOGICO'
130126,'INSTITUTO DE ZOOTECNIA'
130127,'INST. TECNOLOGIA DE ALIMENTOS'
130128,'INSTITUTO DE PESCA'
130131,'INST. ECONOMIA AGRICOLA'
130133,'DIVISAO DE EXTENSAO RURAL'
130134,'DEPTO. COMUNICACAO E TREINAMENTO'
130135,'ESC. DESENV. RURAL DE ANDRADINA'
130136,'ESC. DESENV. RURAL DE ARACATUBA'
130137,'ESC. DESENV. RURAL DE ARARAQUARA'
130138,'ESC. DESENV. RURAL DE ASSIS'
130139,'ESC. DESENV. RURAL DE AVARE'
130140,'ESC. DESENV. RURAL DE BARRETOS'
130141,'ESC. DESENV. RURAL DE BAURU'
130142,'ESC. DESENV. RURAL DE BOTUCATU'
130143,'ESC. DESENV. RURAL DE BRAG.PAULISTA'
130144,'ESC. DESENV. RURAL DE CAMPINAS'
130145,'ESC.DES.RURAL "AMID PACHA" DE CATANDUVA'
130146,'ESC. DESENV. RURAL DE DRACENA'
130147,'ESC. DESENV. RURAL DE FERNANDOPOLIS'
130148,'ESC. DESENV. RURAL DE FRANCA'
130149,'ESC. DESENV. RURAL DE GENERAL SALGADO'
130150,'ESC. DESENV. RURAL DE GUARATINGUETA'
130151,'ESC. DESENV. RURAL DE ITAPETININGA'
130152,'ESCRITORIO DE DESENV. RURAL DE ITAPEVA'
130153,'ESCRITORIO DE DESENV. RURAL DE JABOTICABAL'
130154,'ESCRITORIO DE DESENV. RURAL DE JALES'
130155,'ESCRITORIO DE DESENV. RURAL DE JAU'
130156,'ESCRITORIO DE DESENV. RURAL DE LIMEIRA'
130157,'ESCRITORIO DE DESENV. RURAL DE LINS'
130158,'ESCRITORIO DE DESENV. RURAL DE MARILIA'
130159,'ESCRITORIO DESENV. RURAL DE MOGI DAS CRUZES'
130160,'ESCRITORIO DE DESENV. RURAL DE MOGI MIRIM'
130161,'ESCRITORIO DE DESENV. RURAL DE ORLANDIA'
130162,'ESCRITORIO DE DESENV. RURAL DE OURINHOS'
130163,'ESCRITORIO DESENV. RURAL DE PINDAMONHANGABA'
130164,'ESCRITORIO DE DESENV. RURAL DE PIRACICABA'
130165,'ESCRITORIO DESENV. RURAL DE PRES.PRUDENTE'
130166,'ESCRITORIO DE DESENV. RURAL DE PRES.VENCESLA'
130167,'ESCRITORIO DE DESENV. RURAL DE REGISTRO'
130168,'ESCRITORIO DE DESENV. RURAL DE RIB.PRETO'
130169,'ESCRITORIO DE DESENV. RURAL DE SAO PAULO'
130170,'ESCRITORIO DE DESENV. RURAL DE SJBOA VISTA'
130171,'ESCRITORIO DE DESENV. RURAL DE SJRIO PRETO'
130172,'ESC. DESENV. RURAL DE SOROCABA'
130173,'ESC. DESENV. RURAL DE TUPA'
130174,'ESC. DESENV. RURAL DE VOTUPORANGA'
130175,'GABINETE DO COORDENADOR'
130176,'ADM. COORDEN. DEFESA AGROPECUARIA'
130177,'ESC. DEF. AGROP. ANDRADINA'
130178,'ESC. DEF. AGROP. ARACATUBA'
130179,'ESC. DEF. AGROP. ARARAQUARA'
130180,'ESC. DEF. AGROP. ASSIS'
130181,'ESC. DEF. AGROP. AVARE'
130182,'ESC. DEF. AGROP. BARRETOS'
130183,'ESC. DEF. AGROP. BAURU'
130184,'ESC. DEF. AGROP. BOTUCATU'
130185,'ESC. DEF. AGROP. BRAG.PAULISTA'
130186,'ESC. DEF. AGROP. CAMPINAS'
130187,'ESC. DEF. AGROP. CANTANDUVA'
130188,'ESC. DEF. AGROP. DRACENA'
130189,'ESC. DEF. AGROP. FERNANDOPOLIS'
130190,'ESC. DEF. AGROP. FRANCA'
130191,'ESC. DEF. AGROP. GENERAL SALGADO'
130192,'ESC. DEF. AGROP. GUARATINGUETA'
130193,'ESC. DEF. AGROP. DE ITAPETININGA'
130194,'ESC. DEF. AGROP. DE ITAPEVA'
130195,'ESC. DEF. AGROP. JABOTICABAL'
130196,'ESC. DEF. AGROP. JALES'
130197,'ESC. DEF. AGROP. JAU'
130198,'ESC. DEF. AGROP. LIMEIRA'
130199,'ESC. DEF. AGROP. DE LINS'
130200,'ESC. DEF. AGROP. MARILIA'
130201,'ESC. DEF. AGROP. MOGI DAS CRUZES'
130202,'ESC. DEF. AGROP. MOGI MIRIM'
130203,'ESC. DEF. AGROP. ORLANDIA'
130204,'ESC. DEF. AGROP. OURINHOS'
130205,'ESC. DEF. AGROP. PINDAMONHANGABA'
130206,'ESC. DEF. AGROP. PIRACICABA'
130207,'ESC. DEF. AGROP. PRES.PRUDENTE'
130208,'ESC. DEF. AGROP. PRES.VENCESLAU'
130209,'ESC. DEF. AGROP. REGISTRO'
130210,'ESC. DEF. AGROP. RIBEIRAO PRETO'
130211,'ESC. DEF. AGROP. SAO PAULO'
130212,'ESC. DEF. AGROP. SJBOA VISTA'
130213,'ESC. DEF. AGROP. SJRIO PRETO'
130214,'ESC. DEF. AGROP. DE SOROCABA'
130215,'ESC. DEF. AGROP. TUPA'
130216,'ESC. DEF. AGROP. VOTUPORANGA'
130217,'DEPTO. DE GESTAO ESTRATEGICA-APTA'
130218,'GABINETE DO COORDENADOR'
130219,'DEPTO.DESCENTRALIZACAO DO DESENVOLVIMENTO'
160030,'FED-DEPARTAMENTO HIDROVIARIO-C.T.O'
160101,'GABINETE DO SECRETARIO'
160107,'CENTRO TECNICO OPERACIONAL'
160108,'CENTRO ADMINISTRATIVO'
162101,'DEPTO. ESTRADAS DE RODAGEM-DER'
162103,'PRIMEIRA DIV.REG.DE CAMPINAS-DR-1'
162104,'DR.02, ITAPETININGA'
162105,'DR.03, BAURU'
162106,'DR.04, ARARAQUARA'
162107,'DEPTO.ESTRADAS DE RODAGEM -DR.05-CUBATAO'
162108,'DR.06, TAUBATE'
162109,'DR.07, ASSIS'
162110,'DR.08, RIBEIRAO PRETO'
162111,'DR.09, SAO JOSE DO RIO PRETO'
162112,'DECIMA DIV.REGIONAL DA GDE S.P.- DR.10'
162113,'DR.11, ARACATUBA'
162114,'DR.12, PRESIDENTE PRUDENTE'
162115,'DECIMA TERCEIRA DIV.REG.-DR-13'
162116,'DR.14, BARRETOS'
162201,'DEPTO. AEROVIARIO DO ESTADO SAO PAULO-DAESP'
170030,'FED-INTERESSES DIFUSOS-FID'
170101,'GABINETE DO SECRETARIO'
170102,'COORDENADORIA GERAL DE ADMINISTRACAO'
170104,'COORDENADORIA INTEGRACAO DA CIDADANIA, CIC'
171101,'FUNDACAO DE PROT. E DEFESA DO CONSUMIDOR'
171201,'FUND.INST.TERRAS E.S.P.JOSE GOMES DA SILVA'
171302,'FUNDACAO C.A.S.A., DRM-I F.ROCHA'
171303,'FUNDACAO C.A.S.A., DRM-II TATUAPE'
171304,'FUNDACAO C.A.S.A., DRM-III BRAS'
171305,'FUNDACAO C.A.S.A., DRM-IV R.TAVARES'
171306,'FUNDACAO C.A.S.A., DRM-V V.MARIA'
171307,'FUNDACAO C.A.S.A., DRN R.PRETO'
171308,'FUNDACAO C.A.S.A., DR V. PARAIBA'
171309,'FUNDACAO C.A.S.A., DRL LITORAL'
171310,'FUNDACAO C.A.S.A., DRO MARILIA'
171311,'FUNDACAO C.A.S.A., DRS IARAS'
171312,'FUNDACAO C.A.S.A., SEDE ADMINISTRACAO'
171313,'FUNDACAO C.A.S.A., DRM CAMPINAS'
172101,'INST.DE MED. SOCIAL E DE CRIMINOL. DE S.PAUL'
172201,'INSTITUTO DE PESOS E MEDIDAS DO EST. S. PAUL'
172202,'INST.PESOS E MEDIDAS DE SP.- AUTARQUIA'
180031,'FED-INCENTIVO A SEG.PUBLICA'
180101,'GABINETE DO SECRETARIO E ASSESSORIAS'
180102,'ADM.DELEGACIA GERAL DE POLICIA'
180103,'DEPTO.POL.JUDIC.SP.INTERIOR-DEINTER-6 SANTOS'
180105,'DEPTO.POL.JUD.SP.INTERIOR, SJCAMPOS'
180106,'DEPTO.POL.JUD.SP.INTERIOR-DEINTER-7 SOROCABA'
180107,'DEPTO.POL.JUD.SP.INTERIOR-DEINTER-2 CAMPINAS'
180108,'DEPTO.POL.JUD.SP.INTERIOR-DEINTER-3 RIB.PRET'
180109,'DEPTO.POL.JUD.SP.INTERIOR, DEINTER-4 BAURU'
180110,'DEPTO.POL.JUD.SP.INTERIOR-DEINTER-5 SJRPRETO'
180111,'DELEG.SECC.POLICIA DE ARACATUBA'
180112,'DELEG.SECC.POLICIA DE PRES.PRUDENTE'
180113,'DEPTO.EST.INVESTIGACOES CRIMINAIS, DEIC'
180114,'DELEG.SECC.POLICIA DE BARRETOS'
180116,'INST.IDENTIFICACAO RICARDO G.DAUNT'
180117,'INSTITUTO DE CRIMINALISTICA'
180118,'INSTITUTO MEDICO LEGAL'
180119,'DEPTO.ADM.PLANEJ.POLICIA CIVIL, DAP'
180120,'DIVISAO DE TRANSPORTES'
180121,'DELEG.SECC.POLICIA DE MARILIA'
180122,'DEPTO.CAPTURAS E DELEGACIAS ESPCIALIZ-DECADE'
180123,'ACADEMIA DE POLICIA'
180124,'CORREGEDORIA GERAL DA POLICIA CIVIL'
180128,'DEPTO.ESTADUAL HOMIC. E DE PROTECAO A PESSOA'
180129,'DEPTO.EST.PREV.E REPRE. NARCOTRAFICO-DENARC'
180130,'DELEG.SECC.POLICIA DE JUNDIAI'
180131,'DELEG.SECC.POLICIA DE PIRACICABA'
180132,'DELEG.SECC.POLICIA DE FRANCA'
180133,'DELEG.SECC.POLICIA DE ARARAQUARA'
180134,'DEPTO.INTELIGENCIA DA POLICIA CIVIL-DIPOL'
180135,'DEPTO.POLICIA JUDIC.CAPITAL-DECAP'
180136,'DEPTO.POLICIA JUD.MACRO SP.'
180137,'DELEG.SECC.POLICIA DE REGISTRO'
180146,'DELEG.SECC.POLICIA DE BOTUCATU'
180147,'DELEG.SECC.POLICIA FERNANDOPOLIS'
180152,'DEPTO DE SUPORTE ADM. DO COMANDO GERAL-DSA/C'
180153,'DIRETORIA DE ENSINO E CULTURA, DEC'
180154,'COMANDO POLIC.INT.-6 SANTOS'
180155,'COMANDO POLIC.INT.-1 SJCAMPOS'
180156,'COMANDO POLIC.INT.-7 SOROCABA'
180157,'COMANDO POLIC.INT. 2 CPI-2-CAMPINAS'
180158,'COM.POL.INT.3(CPI-3-CEL.PAULO M.SERRAT FILHO'
180159,'COMANDO POLIC.INT.-4 BAURU'
180160,'COMANDO POLIC.INT.-5 SJRIO PRETO'
180163,'CTO.SUPRIM.MANUT.MAT.TELECOM.- CSM/M TEL.'
180164,'CENTRO DE SUPRIMENTO E MANUT. DE OBRAS'
180165,'CTO.SUPR.MANUT.MATERIAL DE SUBSISTENCIA'
180168,'COMANDO DE POLICIAMENTO DE CHOQUE'
180169,'CTO.SUPRIM.MANUT.MAT.INTENDENCIA'
180172,'REGIMENTO DE POLICIA MONTADA 9 DE JULHO'
180173,'GPO.RADIO PATRUL.AEREA POL.MIL. JOAO NEGRAO'
180174,'ACADEMIA DE POL. MILITAR BARRO BRANCO'
180175,'ESCOLA SUPERIOR DE SARGENTOS, ESSGT'
180176,'ESCOLA SUPERIOR DE SOLDADOS-CEL.ASSUMPCAO'
180177,'COM.POLIC.AREA METROPOLITANA-6'
180178,'COM.POLIC.AREA METROPOLITANA-7'
180179,'COM.POLIC.AREA METROPOLITANA-8'
180180,'DIRETORIA DE LOGISTICA, DL'
180184,'CORREGEDORIA DA POLICIA MILITAR'
180185,'COM.POLIC.AREA METROPOLITANA-1'
180186,'COM.POLIC.AREA METROPOLITANA-2'
180187,'CPA. METROPOLITANA-3-CPA/M-3-CEL.HILDA MACED'
180188,'COM.POLIC.AREA METROPOLITANA-4'
180189,'COM.POLIC.AREA METROPOLITANA-5'
180194,'CTO. DE INTELIGENCIA DA POLICIA MILITAR'
180195,'CENTRO SUPRIM. E MANUT. DE MOTOMECANIZACAO'
180196,'COMANDO DE POLICIAMENTO DE TRANSITO'
180197,'COMANDO DE POLICIAMENTO RODOVIARIO'
180198,'COMANDO DE POLICIAMENTO AMBIENTAL(CPAMB)'
180199,'ADMINISTRACAO DO CORPO DE BOMBEIROS'
180200,'CTO. SUPRIM.E MANUT.MAT.OPER.BOMBEIROS'
180201,'GRUPAMENTO DE BOMBEIROS MARITIMO (GBMAR)'
180202,'ESCOLA SUPER.DE BOMBEIROS CEL.PAULO MARQUES'
180203,'COMANDO DE BOMBEIROS METROPOLITANO, CBM'
180204,'5. GRUPAMENTO DE BOMBEIROS (5.GB)'
180205,'6. GRUPAMENTO DE BOMBEIROS (6.GB)'
180206,'7. GRUPAMENTO DE BOMBEIROS (7.GB)'
180207,'8. GRUPAMENTO DE BOMBEIROS (8.GB)'
180208,'9. GRUPAMENTO DE BOMBEIROS (9.GB)'
180209,'10. GRUPAMENTO DE BOMBEIROS (10.GB)'
180210,'11. GRUPAMENTO DE BOMBEIROS (11.GB)'
180211,'13. GRUPAMENTO DE BOMBEIROS (13.GB)'
180212,'14. GRUPAMENTO DE BOMBEIROS (14.GB)'
180213,'15. GRUPAMENTO DE BOMBEIROS (15.GB)'
180214,'16. GRUPAMENTO DE BOMBEIROS (16.GB)'
180215,'12. GRUPAMENTO DE BOMBEIROS (12.GB)'
180216,'ADMINISTRACAO DA SUPERINTENDENCIA'
180220,'CENTRO MEDICO'
180222,'CPC-CEL. PM JOSE HERMINIO RODIGUES'
180223,'COM.POLIC.AREA METROPOLITANA-9'
180224,'COM.POLIC.AREA METROPOLITANA-10'
180271,'DELEG.SECC.POLICIA DE CARAPICUIBA'
180272,'DELEG.SECC.POLICIA DE DIADEMA'
180273,'DELEG.SECC.POLICIA DE FRANCO DA ROCHA'
180274,'DELEG.SECC.POLICIA DE GUARULHOS'
180275,'DELEG.SECC.POLICIA DE MOGI DAS CRUZES'
180276,'DELEG.SECC.POLICIA DE OSASCO'
180277,'DELEG.SECC.POLICIA DE SANTO ANDRE'
180278,'DELEG.SECC.POLICIA DE SBDOCAMPO'
180279,'DELEG.SECC.POLICIA DE TABOAO DA SERRA'
180280,'DELEG.SECC.POLICIA DE SJCAMPOS'
180281,'DELEG.SECC.POLICIA DE CRUZEIRO'
180282,'DELEG.SECC.POLICIA DE GUARATINGUETA'
180283,'DELEG.SECC.POLICIA DE JACAREI'
180284,'DELEG.SECC.POLICIA DE SAO SEBASTIAO'
180285,'DELEG.SECC.POLICIA DE TAUBATE'
180286,'1. DELEG.SECC.POLICIA DE CAMPINAS'
180287,'DELEG.SECC.POLICIA DE AMERICANA'
180288,'DELEG.SECC.POLICIA DE BRAG.PAULISTA'
180289,'DELEG.SECC.POLICIA DE CASA BRANCA'
180290,'DELEG.SECC.POLICIA DE LIMEIRA'
180291,'DELEG.SECC.POLICIA DE MOGI-GUACU'
180292,'DELEG.SECC.POLICIA DE RIO CLARO'
180293,'DELEG.SECC.POLICIA DE SJBVISTA'
180294,'DELEG.SECC.POLICIA DE RIB.PRETO'
180295,'DELEG.SECC.POLICIA DE BEBEDOURO'
180296,'DELEG.SECC.POLICIA DE SAO CARLOS'
180297,'DELEG.SECC.POLICIA DE SJBARRA'
180298,'DELEG.SECC.POLICIA DE SERTAOZINHO'
180299,'DELEG.SECCIONAL DE POLICIA DE BAURU'
180300,'DELEG.SECC.POLICIA DE ADAMANTINA'
180301,'DELEG.SECC.POLICIA DE ASSIS'
180302,'DELEG.SECC.POLICIA DE DRACENA'
180303,'DELEG.SECC.POLICIA DE JAU'
180304,'DELEG.SECC.POLICIA DE LINS'
180305,'DELEG.SECC.POLICIA DE OURINHOS'
180306,'DELEG.SECC.POLICIA DE PRES.VENCESLAU'
180307,'DELEG.SECC.POLICIA DE TUPA'
180308,'DELEG.SECC.POLICIA DE SJRIO PRETO'
180309,'DELEG.SECC.POLICIA DE ANDRADINA'
180310,'DELEG.SECC.POLICIA DE CATANDUVA'
180311,'DELEG.SECC.POLICIA DE JALES NELSON L. VANNI'
180312,'DELEG.SECC.POLICIA DE NOVO HORIZONTE'
180313,'DELEG.SECC.POLICIA DE VOTUPORANGA'
180314,'DEL.SECC.POL.-ABRAHAO J.KFOURI FILHO-SANTOS'
180315,'DELEG.SECC.POLICIA DE ITANHAEM'
180316,'DELEG.SECC.POLICIA DE JACUPIRANGA'
180317,'DELEG.SECC.POLICIA DE SOROCABA'
180318,'DELEG.SECC.POLICIA DE AVARE'
180319,'DELEG.SECC.POLICIA DE ITAPETININGA'
180320,'DELEG.SECC.POLICIA DE ITAPEVA'
180321,'CENTRO DE PROCESSAMENTO DE DADOS, CPD'
180322,'CENTRO ODONTOLOGICO, CODONT'
180323,'PRESIDIO MILITAR ROMAO GOMES, PMRG'
180338,'18. GRUPAMENTO DE BOMBEIROS (18.GB)'
180339,'DEPTO. POL.JUDICIARIA SP.INTERIOR-DEINTER 8'
180340,'CTO SUPRIM.E MANUT.ARMAMENTO E MUNICAO-CSM/A'
180341,'ESCOLA DE EDUCACAO FISICA'
180352,'COMANDO POLIC.INTERIOR-(CPI-8-CEL PM S.FILHO'
180353,'COMANDO POL.AREA METROP. 11 (CPA/M-11)'
180354,'1.DELEG.SECC.POLICIA JUDICIARIA DA CAPITAL'
180355,'2.DELEG.SECC.POLICIA JUDICIARIA DA CAPITAL'
180356,'3.DELEG.SECC.POLICIA JUDICIARIA DA CAPITAL'
180357,'4. DEL.SECC.POLICIA JUDICIARIA DA CAPITAL'
180358,'5.DELEG.SECC.POLICIA JUDICIARIA DA CAPITAL'
180359,'6.DEL.SECC.POLICIA JUDICIARIA DA CAPITAL'
180360,'7.DEL.SECC.POLICIA JUDICIARIA DA CAPITAL'
180361,'8.DEL.SECC.POLICIA JUDICIARIA DA CAPITAL'
180362,'COMANDO DE POLICIAMENTO DO INTERIOR-9 -CPI-9'
180363,'COMANDO POL.AREA METROP.-12 (CPA/M-12)'
180366,'COMANDO DE BOMBEIROS DO INTERIOR, CBI'
180367,'DEPTO POL.JUD.SP INTERIOR-DEINTER9-PIRACICAB'
180370,'DEPTO. DE POLICIA PROTECAO A CIDADANIA-DPPC'
180373,'COMANDO DE POLICIAMENTO DO INTERIOR, 10'
180374,'19. GRUPAMENTO DE BOMBEIROS, 19.GB'
180375,'20. GRUPAMENTO DE BOMBEIROS (20.GB)'
180376,'DIVISAO DE SUPRIMENTOS'
180377,'2. DELEG.SECC.POLICIA DE CAMPINAS'
180378,'CTO. INTEGRADO DE APOIO FINANCEIRO, CIAF'
180379,'CTO DE COMUNICACAO SOCIAL, CCOMSOC'
180380,'17. GRUPAMENTO DE BOMBEIROS (17.GB)'
180386,'DEPTO. POL.JUDICIARIA SP.INTERIOR-DEINTER 10'
180387,'CENTRO INTEGRADO DE COMANDO E CONTROLE, CIC'
182101,'CAIXA BENEFICENTE DA POLICIA MILITAR'
200101,'GABINETE DO SECRETARIO'
200105,'ESCOLA FAZENDARIA DO EST.SAO PAULO, FAZESP'
200107,'GABINETE DO COORD.ADM.TRIBUTARIA'
200108,'TRIBUNAL DE IMPOSTOS E TAXAS, TIT'
200109,'DIR.EXEC.ADMINIST.TRIBUTARIA, DEAT'
200111,'DELEG.REG.TRIBUTARIA DE SANTOS-DRT-2'
200112,'DELEG.REG.TRIBUTARIA DE TAUBATE DRT-3'
200113,'DELEG.REG.TRIBUTARIA DE SOROCABA, DRT-4'
200114,'DELEG.REG.TRIBUTARIA DE CAMPINAS, DRT-5'
200115,'DELEG.REG.TRIBUTARIA DE RIB.PRETO, DRT-6'
200116,'DELEG.REG.TRIBUTARIA DE BAURU, DRT-7'
200117,'DELEG.REG.TRIBUTARIA DE SJRIO PRETO, DRT-8'
200118,'DELEG.REG.TRIBUTARIA DE ARACATUBA, DRT-9'
200119,'DELEG.REG.TRIB.DE PRES.PRUDENTE, DRT-10'
200120,'DIRETORIA DE INFORMACOES, DI'
200122,'DIRETORIA DE ARRECADACAO, DA'
200123,'DELEG.REG.TRIBUTARIA DE MARILIA, DRT-11'
200124,'DELEG.REG.TRIBUTARIA DE SBDO.CAMPO, DRT-12'
200125,'DELEG.REG.TRIBUTARIA DE GUARULHOS, DRT-13'
200126,'DELEG.REG.TRIBUTARIA DE OSASCO, DRT-14'
200127,'DELEG.REG.TRIBUTARIA DE ARARAQUARA, DRT-15'
200130,'DELEG.REG.TRIBUTARIA DA CAPITAL, DRTC-I'
200131,'DELEG.REG.TRIBUTARIA DA CAPITAL, DRTC-II'
200132,'DELEG.REG.TRIBUTARIA DA CAPITAL, DRTC-III'
200133,'GAB.DO COORDENADOR DA ADM.FINANCEIRA'
200134,'CONTADORIA GERAL DO ESTADO'
200135,'DEPARTAMENTO DE FINANCAS DO ESTADO'
200136,'DEPTO.DESPESA DE PESSOAL DO ESTADO'
200138,'DEPTO.INFORM.PLANEJ.FINANC.DO ESTADO'
200139,'GAB.COORD.COMPRAS ELETRON. E ENTID.DESCENTR.'
200140,'DEPARTAMENTO DE CONTROLE E AVALIACAO'
200142,'DELEG.REG.TRIBUTARIA DE JUNDIAI, DRT-16'
200143,'DEPTO.TECNOLOGIA DA INFORMACAO, DTI'
200144,'GAB.COORDENADOR GERAL DE ADMINISTRACAO'
200145,'DEPARTAMENTO DE ORCAMENTO E FINANCAS'
200146,'DEPTO.RECURSOS HUMANOS'
200147,'DEPTO. DE SUPRIMENTOS E INFRAESTRUTURA'
200148,'CENTRO REG.ADMINISTRACAO DO LITORAL'
200149,'CENTRO REG.ADMINISTRACAO DE TAUBATE'
200150,'CENTRO REG.ADMINISTRACAO DE SOROCABA'
200151,'CENTRO REG.ADMINISTRACAO DE CAMPINAS'
200152,'CENTRO REG.ADMINISTRACAO DE RIB.PRETO'
200153,'CENTRO REG. ADMINISTRACAO DE BAURU'
200154,'CENTRO REG. ADMINISTRACAO DE SJRIO PRETO'
200155,'CENTRO REG. ADMINISTRACAO DE ARACATUBA'
200156,'CENTRO REG. ADM. DE PRES.PRUDENTE'
200157,'CENTRO REG. ADMINISTRACAO DE MARILIA'
200158,'CENTRO REG. ADMINISTRACAO DO ABCD'
200159,'CENTRO REG. ADMINISTRACAO DE GUARULHOS'
200160,'CENTRO REG. ADMINISTRACAO DE OSASCO'
200161,'CENTRO REG. ADMINISTRACAO DE ARARAQUARA'
200162,'CENTRO REG. ADMINISTRACAO DE JUNDIAI'
200163,'CONSULTORIA TRIBUTARIA, CT'
200164,'DEPTO. DE COMPRAS ELETRONICAS'
200165,'DELEGACIA TRIBUTARIA DE JULGAMENTO 1, DTJ-1'
200166,'DELEGACIA TRIBUTARIA DE JULGAMENTO 2, DTJ-2'
200167,'DELEGACIA TRIBUTARIA DE JULGAMENTO 3, DTJ-3'
200168,'DIRETORIA DA REPRESENTACAO FISCAL'
200169,'REPRESENTACAO FISCAL DE SAO PAULO'
200170,'REPRESENTACAO FISCAL DE CAMPINAS'
200171,'REPRESENTACAO FISCAL DE BAURU'
200173,'GAB.COORD. TECNOLOGIA E GESTAO ESTRATEGICA'
200174,'DEPTO. DE GESTAO E ESTRATEGIA'
200176,'UNIDADE DE COORDENACAO DE PROGRAMA, UCP'
200177,'DIR. ESTUDOS TRIBUTARIOS E ECONOMICOS, DETE'
200178,'DEPART. GESTAO DIVIDA E HAVERES DO ESTADO'
200179,'DEPTO. DE ENTIDADES DESCENTRALIZADAS'
200180,'DEPTO. DE GESTAO E PADRONIZ. DE CADASTROS'
200181,'DEPTO. DE QUALIDADE E PESQUISAS'
200182,'DEPTO. DE GESTAO DE PROGETOS'
200183,'CORREGEDORIA DA FISCALIZACAO TRIB.- CORFISP'
202201,'INSTITUTO DE PAGTOS. ESPECIAIS S.PAULO-IPESP'
202601,'SAO PAULO PREVIDENCIA, SPPREV'
202602,'SEC.FAZ. SPPREV, ADMINISTRACAO'
210101,'ADM.SERVICO DA DIVIDA PUBLICA'
210102,'ADM.ENCARGOS GERAIS DO ESTADO'
210105,'ADM.DOS ENCARGOS GERAIS DE PESSOAL'
210106,'ENCARGOS DO REGIME ESPECIAL DE PRECATORIOS'
230101,'GABINETE DO SECRETARIO E ASSESSORIAS'
230102,'COORDENADORIA DE OPERACOES'
230104,'DEPARTAMENTO DE ADMINISTRACAO'
250101,'GABINETE DO SECRETARIO E ASSESSORIAS'
250102,'UNIDADE DE EXECUCAO DE PROGRAMAS-UEP'
250104,'AGENCIA PAULISTA HABIT.SOCIAL-CASA PAULISTA'
260030,'FED-PRESERV.BIODIVERSIDADE E DOS REC.NATURAI'
260031,'FED-GABINETE DO SECRETARIO DO MEIO AMBIENTE'
260032,'FED-INSTITUTO DE BOTANICA-IBT'
260033,'FED-INSTITUTO GEOLOGICO-IG'
260034,'FED-INSTITUTO FLORESTAL-IF'
260101,'GABINETE DO SECRETARIO'
260106,'INSTITUTO DE BOTANICA, IBT'
260107,'INSTITUTO GEOLOGICO, IG'
260108,'INSTITUTO FLORESTAL-IF'
260113,'COORD. BIODIVERSIDADE E REC.NATURAIS-CBRN'
260114,'COORD. DE EDUCACAO AMBIENTAL, CEA'
260115,'COORD. DE PLANEJAMENTO AMBIENTAL, CPLA'
260117,'COORDENADORIA DE ADMINISTRACAO, CA'
260119,'UN.DE GESTAO LOCAL DO PROJ DE DES.RURAL SUST'
260120,'COORD. DE FISCALIZACAO AMBIENTAL, CFA'
260121,'COORD. DE PARQUES URBANOS, CPU'
260122,'DEPTO. SUPRIMENTO E APOIO GESTAO DE CONTRATO'
260123,'UGL, MEIO AMBIENTE'
261101,'FUND.P/CONSERV.PROD.FLORESTAL DO EST.SP'
261102,'FUNDACAO FLORESTAL-SERRA DO MAR/MOSAICOS'
261201,'FUNDACAO PARQUE ZOOLOGICO DE SAO PAULO'
263101,'CIA.AMBIENTAL DO ESTADO DE S.PAULO-CETESB'
270030,'FED-CONCURSO INGR.CARR.MINIST.PUBLICO'
270031,'FED-CTO.ESTUDOS E APER.MINIST.PUBLICO'
270033,'FED-MINISTERIO PUBLICO'
270101,'GAB.PROCURADOR GERAL DE JUSTICA'
270102,'DIRETORIA GERAL'
280033,'GAB.SECRETARIO, INST.GEO E CARTOGRAFICO'
280101,'GABINETE DO SECRETARIO'
280111,'SUBSECRETARIA DE COMUNICACAO'
280112,'SUBSECRETARIA DE ASSUNTOS METROPOLITANOS'
280113,'SUBSECRETARIA DE REL COM MUNICIPIOS'
282501,'AGENCIA METROP.BAIXADA SANTISTA-AGEM'
282601,'AGENCIA METROPOLITANA DE CAMPINAS'
282701,'AGENCIA METROP VALE DO PARAIBA E LIT NORTE'
283301,'EMPRESA PAULISTA DE PLANEJ.METROP.S.A'
290101,'GABINETE DO SECRETARIO'
290103,'COORD. DE PLANEJAMENTO E AVALIACAO'
290104,'COORD. DE ORCAMENTO'
290109,'COORDENADORIA DE ADMINISTRACAO'
290110,'UNIDADE DE ASSESSORIA ECONOMICA'
291201,'FUND.SISTEMA ESTADUAL DE ANAL.DADOS-SEADE'
291301,'FUND. DESENV. ADMINISTRATIVO, FUNDAP'
292301,'DEPARTAMENTO ESTADUAL DE TRANSITO-DETRAN-SP'
292302,'DIRETORIA DE ADMINISTRACAO, DETRAN, SP'
292303,'DIR.EDUCACAO PARA O TRANSITO E FISCALIZACAO'
292401,'INST. ASSIST. MEDICA SERV. PUBLICO ESTADUAL'
350031,'FDE-ESTADUAL DE ASSISTENCIA SOCIAL-FEAS'
350034,'FED-ESTAD.DIREITOS DA CRIANCA E DO ADOLECENT'
350101,'GABINETE DO SECRETARIO'
350103,'DEPTO.DE ADMINISTRACAO'
350105,'ADM.COORD. DE ACAO SOCIAL'
350109,'DIR.REG.ASSIST.DES.SOCIAL DA CAPITAL, SP'
350111,'DIR.REG.ASSIST.DES.SOCIAL GSP NORTE-GUARULHO'
350112,'DIR.REG.ASSIST.DES.SOCIAL GSP-ABC S.ANDRE'
350113,'DIR.REG.ASSIST.DES.SOCIAL GSP-LESTE M.CRUZES'
350114,'DIR.REG.ASSIST.DES.SOCIAL GSP OESTE, OSASCO'
350118,'DIR.REG.ASSIST.DES.SOCIAL DE SOROCABA'
350119,'DIR.REG.ASSIST.DES.SOCIAL DE CAMPINAS'
350120,'DIR.REG.ASSIST.DES.SOCIAL DE RIB.PRETO'
350121,'DIR.REG.ASSIST.DES.SOCIAL DE BAURU'
350122,'DIR.REG.DE ASSIST. E DESENV.SOC.DE SJRP'
350123,'DIR.REG.AS.DES.SOC.ALTA NOROESTE EM ARACATUB'
350124,'DIR.REG.AS.DES.SOC.ALTA SOROCABANA,P.PRUD.'
350125,'DIR.REG.ASSIST.DES.SOCIAL DE MARILIA'
350127,'DIR.REG.ASSIST.DES.SOCIAL DE BARRETOS'
350128,'DIR.REG.ASSIST.DES.SOCIAL DE FRANCA'
350129,'DIR.REG.ASSIST.DES.SOCIAL DE ARARAQUARA'
350137,'CONSELHO EST.ASSISTENCIA SOCIAL, CONSEAS'
350138,'DIR.REG.ASSIST.DES.SOCIAL DE PIRACICABA'
350139,'DIR.REG.ASSIST.DES.SOCIAL DE BOTUCATU'
350140,'DIR.REG.ASSIST.DES.SOCIAL DE FERNANDOPOLIS'
350141,'DIR.REG.ASSIST.DESENVOLV.SOCIAL DE AVARE'
350146,'DIR.REG.AS.DES.SOC.VALE DO PARAIBA, SJCAMPOS'
350147,'DIR.REG.AS.DES.SOC.BAIXADA SANTISTA, SANTOS'
350148,'DIR.REG.ASSIST.DES.SOC. V.RIBEIRA'
350149,'DIR.REG.ASSIST.DES.SOCIAL DE ITAPEVA'
350155,'DIR.REG.ASSIST.DES.SOC.MOGIANA, EM SJBVISTA'
350156,'DIR.REG.ASSIST.DES.SOC.-ALTA PAUL,EM DRACENA'
350169,'ADM.COORD.ADM. FUNDOS E CONVENIOS'
350170,'FUNDO ESTADUAL DE ASSISTENCIA SOCIAL, FEAS'
350171,'ADM.COORDENADORIA DE GESTAO ESTRATEGICA'
350173,'COORD. DE SEGURANCA ALIMENTAR E NUTRICIONAL'
350174,'ESCOLA DESENVOL.SOCIAL ESP, EDESP'
350175,'CONSELHO EST.DIREITOS DA CRIANCA E ADOLECENT'
370030,'FED-ESTRADA DE FERRO CAMPOS DO JORDAO'
370101,'GABINETE DO SECRETARIO'
370102,'COORD.DE RELACOES INSTITUCIONAIS'
370103,'COORD. DE TRANSPORTE COLETIVO'
370105,'UNID.COORD.PROJ.TRENS E SIST.REG.METROP.GSP'
370106,'UNID.COORD.PROGR.INVEST.TRANS.METR.SP-UCPITM'
370107,'UNID.COORD.COM.MONIT.CONCESSOES E PERMISSOES'
370108,'ESTRADA DE FERRO CAMPOS DO JORDAO'
373201,'CIA.PAULISTA DE TRENS METROPOLITANOS-CPTM'
380030,'FED-PENIT.ESTADO DE SAO PAULO'
380031,'FED-PENITENCIARIA FEMININA SANT ANA'
380032,'FED-CTO.PROG.PENIT.DR.JAVERT DE ANDRADE'
380033,'FED-PENIT.FEM.STA.MA.E.PELLETIER-TREMEMBE'
380036,'FED-PENIT.FEMININA DA CAPITAL'
380037,'FED-PENIT. DR.SEBASTIAO SILVEIRA'
380039,'FED-HOSP.C.TRAT.PSIQ.PROF.ANDRE T.LIMA'
380040,'FED-PRESIDIO FRANCO DA ROCHA'
380041,'FED-C.P.P. PROF.ATALIBA NOGUEIRA-CAMPINAS'
380043,'FED-CENTRO PROGR.PENIT.PROF.NOE AZEVEDO'
380044,'FED-CTO.PROG.PENIT.DR.EDGARD M.NORONHA'
380101,'GABINETE DO SECRETARIO E ASSESSORIAS'
380102,'CONSELHO PENITENCIARIO'
380103,'ESCOLA DE ADM. PENIT. DR.LUIZ C.WOLFMANN'
380106,'CTO.PROGR.PEN."DR.JAVERT DE ANDRADE" SJRP.'
380107,'HOSP.CUST.TRAT.PSIQ.DR.A.A.FERREIRA'
380108,'PENIT. FEM. STA.MARIA E PELLETIER'
380109,'PENIT. ZWINGLIO FERREIRA DE PRES.VENCESLAU'
380112,'PENIT. DR.PAULO LUCIANO DE CAMPOS'
380113,'PENIT. DR. DANILO PINHEIRO, SOROCABA'
380114,'PENIT. DR.ANTONIO Q.FILHO DE ITIRAPINA'
380115,'PENIT. FEMININA DA CAPITAL'
380116,'PENIT.DR.SEBASTIAO MARTINS SILVEIRA'
380117,'PENIT. DR.WALTER F.P. QUEIROZ'
380118,'PENIT. DR.GERALDO A.VIEIRA-S.VICENTE'
380119,'HOSP.CUST.TRAT.PSIQ. PROF.ANDRE T.LIMA'
380120,'CENTRO PROGR.PENIT. DE FRANCO DA ROCHA'
380121,'CTO.PROGR.PENIT.DR. RUBENS A.SENDIN-MONGAGUA'
380123,'PENIT. P.PRUDENTE WELLINGTON R.SEGURA'
380125,'PENIT. DE MARILIA'
380126,'PENIT. II DE SAO VICENTE'
380127,'PENIT. JOSE PARADA NETO'
380128,'PENIT. SILVIO Y. HINOHARA, PRES.BERNARDES'
380129,'PENIT. DR.ANTONIO SOUZA NETO DE SOROCABA'
380130,'CTRO.PROGR. PENINT. DRA. MARINA M.C. OLIVEIR'
380131,'PENIT. DE ASSIS'
380133,'CPP. DR.ALBERTO BROCCHIER DE BAURU'
380134,'CPP. DR.EDUARDO O. VIANNA DE BAURU'
380135,'PENIT. JAIRO ALMEIDA BUENO DE ITAPETININGA'
380136,'PENIT."ASP MARIA F.DE SOUSA DIAS-ITAPETINING'
380137,'PENIT. NESTOR CANOA DE MIRANDOPOLIS'
380138,'PENIT. ASP LINDOLFO T. FILHO, MIRANDOPOLIS'
380139,'CPP. DE HORTOLANDIA'
380140,'PENIT. ODETE L. CAMPOS CRITTER'
380141,'PENIT. DR.TARCIZO L.P.CINTRA DE TREMEMBE'
380142,'C.P.P. PROF.ATALIBA NOGUEIRA, CAMPINAS'
380144,'PENIT.DR.JOSE A. CESAR SALGADO DE TREMEMBE'
380145,'CENTRO PROGR.PENIT.PROF.NOE AZEVEDO'
380146,'CENTRO PROGR.PENIT.DR.EDGARD M.NORONHA'
380147,'PENIT. FEMININA DE CAMPINAS'
380148,'PENITENCIARIA ADRIANO MARREY DE GUARULHOS'
380149,'PENIT. VALENTIM ALVES DA SILVA'
380150,'PENIT. "ASP ANISIO AP. OLIVEIRA", ANDRADINA'
380151,'PENIT. NELSON MARCONDES DO AMARAL'
380152,'PENIT.JOAQUIM DE SYLOS CINTRA, DE CASA BRANC'
380153,'PENIT. MARIO M.ALBUQUERQUE'
380154,'PENIT. NILTON SILVA, FRANCO DA ROCHA'
380155,'PENIT. OSIRIS SOUZA E SILVA-GETULINA'
380156,'PENIT. ORLANDO BRANDO FILINTO'
380157,'PENIT. ODON RAMOS MARANHAO DE IPERO'
380158,'PENIT.CABO PM-MARCELO  PIRES DA SILVA, ITAI'
380159,'PENIT. JOAO BATISTA A. SAMPAIO'
380160,'PENIT. DE JUNQUEIROPOLIS'
380161,'PENIT. DE LUCELIA'
380162,'PENIT.TACYAN MENEZES DE LUCENA, MARTINOPOLI'
380163,'PENIT. OZIAS LUCIO DOS SANTOS, PACAEMBU'
380164,'PENIT. LUIZ GONZAGA VIEIRA DE PIRAJUI'
380165,'PENIT. MAURICIO HENRIQUE G. PEREIRA'
380166,'PENIT. DE RIBEIRAO PRETO'
380167,'PENIT. JOAO B. DE SANTANA'
380168,'PENIT. DE VALPARAISO'
380169,'CENTRO DE DETEN. PROV.CHACARA BELEM I'
380170,'C.D.P., AG. SEG.PENIT. PAULO G.ARAUJO'
380171,'CENTRO DE DETEN. PROV. V.INDEPENDENCIA'
380172,'CENTRO DE DETEN. PROV. DE CAMPINAS'
380173,'C.D.P I DE OSASCO, EDERSON VIEIRA DE JESUS'
380174,'CDP-ASP VANDA RITA BRITO DO REGO, OSASCO'
380175,'CENTRO DE DETEN. PROV. DE SANTO ANDRE'
380176,'CTO.DET.PROV.NELSON FURLAN,DE PIRACICABA'
380177,'CENTRO DE DETEN. PROV. DE SOROCABA'
380181,'DEPARTAMENTO DE ADMINISTRACAO'
380182,'DEPTO.ADM.COORD.UN.PRIS.REG.V.PARAIBA/LITORA'
380183,'DEPARTAMENTO DE ADMINISTRACAO'
380184,'DEPTO. DE ADM. C.U.P.REG.NOROESTE EST.'
380185,'DEPTO. DE ADM. C.U.P.REG.OESTE ESTADO'
380186,'CDP-ASP.GIOVANI M.RODRIGUES,DE GUARULHOS I'
380187,'CENTRO DE DETEN. PROVIS. DE GUARULHOS II'
380188,'CTO.DET.PROV.DR.FELIX N.DE CAMPOS,DE TAUBATE'
380189,'CDP. LUIS CESAR LACERDA DE SAO VICENTE'
380190,'CENTRO DE DETEN. PROV. DE HORTOLANDIA'
380191,'CENTRO DE DETEN. PROVIS. DE RIBEIRAO PRETO'
380192,'CTO.READAP.PEN.DR.JOSE ISMAEL PEDROSA-P.BERN'
380193,'DEPARTAMENTO DE ADMINISTRACAO'
380195,'PENITENCIARIA I DE POTIM'
380196,'PENITENCIARIA II DE POTIM'
380197,'PENITENCIARIA I DE SERRA AZUL'
380198,'PENITENCIARIA II DE SERRA AZUL'
380199,'PENIT.ASP ADRIANO AP. DE PIERI, DE DRACENA'
380200,'PENITENCIARIA DE PRACINHA'
380201,'PEN.VEREADOR FREDERICO GEOMETTI DE LAVINIA'
380202,'PENITENCIARIA DE OSVALDO CRUZ'
380203,'PENIT. DE PARAGUACU PAULISTA'
380204,'CENTRO DE PROGRESSAO PENIT. DE VALPARAISO'
380205,'CENTRO PROGRESSAO PENT DE PACAEMBU'
380206,'DEPARTAMENTO DE ADMINISTRACAO'
380208,'HOSPITAL CUSTODIA E TRAT.PSIQUIAT.II,F.ROCHA'
380209,'CDP-AG.SEG.PENIT.VICENTE L.DA SILVA-PINHEIRO'
380210,'PENIT.ASP.JOAQUIM FONSECA LOPES, PARELHEIRO'
380211,'CTO. DET.PROV. DE S.JOSE DO RIO PRETO'
380212,'CTO.DET.PROV.DE MOGI DAS CRUZES'
380213,'CTO.DET.PROVISORIA DE SUZANO'
380214,'CTO.PROG.PENIT.SAO MIGUEL'
380215,'PENIT.FEMININA DE RIBEIRAO PRETO'
380216,'CDP. "ASP FRANCISCO CARLOS CANESCHI", BAURU'
380217,'PENITENCIARIA DE AVANHANDAVA'
380218,'CTO.DETENCAO PROV.DE SAO JOSE DOS CAMPOS'
380219,'PENIT. DE FRANCO DA ROCHA III'
380220,'CDP.ASP NILTON CELESTINO-ITAP.SERRA'
380221,'CDP-ASP.PENIT.WILLIANS N.BENJAMIM-PINHEIROII'
380222,'CTO.DETEN.PROV. AEVP RENATO G RODRIGUES" AME'
380223,'PENIT.TEN.PM JOSE ALFREDO C.BORIN-REGINOPOLI'
380224,'PENIT.SGTO.PM ANTONIO LUIZ SOUZA-REGINOPOLIS'
380225,'CTO DETENCAO PROVISORIA DE MAUA'
380226,'CTO.DET.PROV."ASP CHARLES D.TEIXEIRA" PG'
380227,'CTO.DETENCAO PROVISORIA DE FRANCO DA ROCHA'
380228,'PENIT. JOAO A. PANUCCI DE MARABA PAULISTA'
380229,'PENIT. DE FLORIDA PAULISTA'
380230,'PENIT. DE IRAPURU'
380231,'PENIT. DE TUPI PAULISTA'
380232,'CTO DETENCAO PROVIS.TACIO AP.SANTANA DE CAIU'
380233,'CTO.DET.PROV."DR.CALIXTO ANTONIO"-SBDOCAMPO'
380234,'CTO. DET. PROV. DE DIADEMA'
380235,'PENT.RODRIGO DOS SANTOS FREITAS, DE BALBINOS'
380236,'PENIT. II DE BALBINOS'
380237,'PENTENCIARIA LUIS AP.FERNANDES, LAVINIA'
380238,'PENIT. ASP PAULO GUIMARAES DE LAVINIA'
380239,'PENITENCIARIA I DE GUAREI'
380240,'PENITENCIARIA II DE GUAREI'
380241,'PENITENCIARIA FEMININA SANT ANA'
380242,'PENITENCIARIA III DE HORTOLANDIA'
380243,'CTO. DE DETENCAO PROVISORIA DE CARAGUATATUBA'
380244,'CDP.ASP SANDRO ALVES DA SILVA DE SERRA AZUL'
380245,'CTO. DE DETENCAO PROVISORIA IV DE PINHEIROS'
380246,'CTO. DETENCAO PROVISORIA III DE PINHEIROS'
380247,'DEPARTAMENTO DE ADMINISTRACAO'
380248,'CTO. DE DETENCAO PROVISORIA DE FRANCA'
380249,'CENTRO DE DETEN. PROV. DE JUNDIAI'
380250,'PENITENCIARIA FEMININA II DE TREMEMBE'
380251,'PENITENCIARIA FEMININA DE TUPI PAULISTA'
380252,'CTO. DETENCAO PROVISORIA DE TAIUVA'
380253,'CTO.DE DETENCAO PROVISORIA DE PONTAL'
380254,'PENIT. FEM.SANDRA AP.LARIO VIANNA DE PIRAJUI'
380255,'CTO. DE DETENCAO PROVISORIA DE CAPELA DO ALT'
380256,'PENITENCIARIA DE CAPELA DO ALTO'
380257,'PENITENCIARIA DE CERQUEIRA CESAR'
380258,'CTO. DE DETENCAO PROVISORIA DE CERQ. CESAR'
380259,'CTO.PROG.PENIT. DE JARDINOPOLIS'
380260,'CDP, ASP VALDECIR FABIANO, DE RIOLANDIA'
380261,'PENITENCIARIA DE BERNARDINO DE CAMPOS'
380262,'CTO.PROGRESSAO PENITENCIA DE PORTO FELIZ'
380263,'PENITENCIARIA DE MAIRINQUE'
380265,'PENITENCIARIA DE TAQUARITUBA'
380266,'PENITENCIARIA DE PIRACICABA'
380267,'PENITENCIARIA FEMININA DE MOGI GUACU'
380268,'PENITENCIARIA DE FLORINEA'
380269,'CTO.DET.PROV.ITATINGA'
381101,'FUNDACAO PROF. DR. MANOEL PEDRO PIMENTEL'
390101,'GABINETE DO SECRETARIO'
390102,'DEPARTAMENTO DE ADMINISTRACAO'
390103,'UNIDADE DE GERENCIAMENTO DO PROGRAMAS-UGP'
390104,'COORD. DE RECURSOS HIDRICOS, CRHI'
392101,'DEPTO.AGUAS E ENERGIA ELETRICA-DAEE'
392102,'DAEE, PROGRAMA PARQUE VARZEAS DO TIETE'
400030,'FED-DEPTO.ADM.PROCUR.GERAL DO ESTADO'
400032,'FED-CENTRO DE ESTUDOS-PGE'
400033,'FED-PROCURADORIA GERAL DO ESTADO-FUNPROGESP'
400101,'GABINETE DO PROCURADOR GERAL'
400102,'DEPTO. DE ADMINISTRACAO'
400103,'PROCUR.PATRIMONIO IMOBILIARIO'
400104,'PROCUR.ADMINISTRATIVA'
400105,'PROCUR.JUDICIAL'
400108,'CENTRO DE ESTUDOS'
400109,'PROCUR.FISCAL DO ESTADO'
400110,'PROCUR.REGIONAL DA GDE.SAO PAULO'
400111,'PROCUR.REGIONAL DE SANTOS'
400112,'PROCUR.REGIONAL DE TAUBATE'
400113,'PROCUR.REGIONAL DE SOROCABA'
400114,'PROCUR.REGIONAL DE CAMPINAS'
400115,'PROCUR.REGIONAL DE RIB.PRETO'
400116,'PROCUR.REGIONAL DE BAURU'
400117,'PROCUR.REGIONAL DE SJRIO PRETO'
400118,'PROCUR.REGIONAL DE ARACATUBA'
400119,'PROCUR.REGIONAL DE P.PRUDENTE'
400120,'PROCUR.REGIONAL DE MARILIA'
400121,'PROCUR.REG. DE SAO CARLOS'
410030,'FED-COORDENADORIA DE ESPORTES E LAZER'
410031,'FED-GABINETE DO SECRETARIO'
410101,'GABINETE DO SECRETARIO'
410103,'COORDENADORIA DE ESPORTES E LAZER'
410112,'COORDENACAO DE PROGRAMAS PARA A JUVENTUDE'
420030,'FED-CGA FUNDO DE ASSISTENCIA JUDICIARIA'
420031,'FED-ESCOLA DA DEFENSORIA PUB.ESTADO-FUNDEPE'
420101,'COORDENADORIA GERAL DE ADMINISTRACAO'
470101,'GABINETE DO SECRETARIO'
470102,'DEPARTAMENTO DE ADMINISTRACAO'
490101,'GABINETE DO SECRETARIO'
490102,'DEPARTAMENTO DE ADMINISTRACAO'
500101,'GABINETE DO SECRETARIO'
500102,'DEPTO.APOIO AO DESENV. DAS ESTANCIAS'
500103,'ADMINISTRACAO DA COORD. DE TURISMO'
500104,'DIVISAO DE PESQUISA E PLANEJAMENTO'
500105,'DIVISAO DE OPERACOES E ATIVIDADES'
500106,'SERVICO DE INFORMACOES'
510030,'FED. DEPTO. DE INFRAESTRUTURA'
510032,'FDO.SOC.SOLIDARIEDADE EST. SP-FUSSESP'
510101,'GABINETE DO SECRETARIO'
510102,'DEPARTAMENTO DE ADMINISTRACAO'
510103,'DEPARTAMENTO DE INFRAESTRUTURA'
510104,'UNIDADE DO ARQUIVO PUBLICO DO ESTADO'
510109,'ADMINISTRACAO DA CASA MILITAR'
510110,'DEPARTAMENTO DE ADMINISTRACAO'
510111,'SUBSECRETARIA DE TECNOLOGIA E SERV AO CIDADA'
512101,'AG.REG.SERV.PUBL.DELEG.TRANSP.EST.SP.'
512201,'AG. REGUL. SANEAMENTO E ENERGIA EST.SP.'
